INSERT INTO DATOS_PERSONALES(DNI,NOMBRE, AP1, AP2, DIRECCION, TIPO, TELEFONO) VALUES ('71654896M','MARTA','MARTIN','RODRIGUEZ','C/Miravilla','ALUMNO', 983652148);
INSERT INTO DATOS_PERSONALES(DNI,NOMBRE, AP1, AP2, DIRECCION, TIPO, TELEFONO) VALUES ('44103779F', 'JESUS', 'LOPEZ', 'ANTON', 'C/ Lopez Gomez', 'PROFESOR',654987123 );
INSERT INTO DATOS_PERSONALES(DNI,NOMBRE, AP1, AP2, DIRECCION,TELEFONO, TIPO) VALUES ('11526987G', 'PEDRO', 'DIAZ', 'HERNANDEZ', 'C/ Transicion', 698741236, 'ALUMNO');
INSERT INTO DATOS_PERSONALES(DNI,NOMBRE, AP1, AP2, DIRECCION,TELEFONO, TIPO) VALUES ('89621477A', 'LUIS', 'VILA', 'GOMEZ', 'C/ Cardenal Torquemada', 654710236, 'PROFESOR');
INSERT INTO DATOS_PERSONALES(DNI,NOMBRE, AP1, AP2, DIRECCION,TELEFONO, TIPO) VALUES ('45986321N', 'ANDREA', 'RIVAS', 'ALONSO', 'C/ Salud', 622254789, 'ALUMNO');
INSERT INTO DATOS_PERSONALES(DNI,NOMBRE, AP1, AP2, DIRECCION,TELEFONO, TIPO) VALUES ('71056984D', 'MIRIAM', 'ALONSO', 'BERODAS', 'Paseo Zorrilla', 645897123, 'ALUMNO');

INSERT INTO CICLOFORM (COD_CICLO, NOMBRE, TIPO) VALUES (1565, 'DAM', 'GRADO SUPERIOR');
INSERT INTO CICLOFORM (COD_CICLO, NOMBRE, TIPO) VALUES (2598, 'SMR', 'GRADO MEDIO');
INSERT INTO CICLOFORM (COD_CICLO, NOMBRE, TIPO) VALUES (1489, 'ARI', 'GRADO SUPERIOR');

INSERT INTO PROFESOR (DNI_PROFESOR, CUENTA) VALUES ('44103779F', 'ES2002399348396092013170');
INSERT INTO PROFESOR (DNI_PROFESOR, CUENTA) VALUES ('89621477A', 'ES8501865417580989668301');

INSERT INTO ALUMNO(DNI_ALUMNO, EMAIL) VALUES('71654896M', 'marta.mr@gmail.com');
INSERT INTO ALUMNO(DNI_ALUMNO, EMAIL) VALUES('11526987G', 'pedro.dh@gmail.com');
INSERT INTO ALUMNO(DNI_ALUMNO, EMAIL) VALUES('45986321N', 'andrea.ra@gmail.com');
INSERT INTO ALUMNO(DNI_ALUMNO, EMAIL) VALUES('71056984D', 'miriam.ab@gmail.com');

INSERT INTO IDIOMA(COD_IDIOMA, NOMBRE) VALUES(20, 'IngléS');
INSERT INTO IDIOMA(COD_IDIOMA, NOMBRE) VALUES(30, 'Español');

INSERT INTO ASIGNATURA(COD_ASIG, NOMBRE, NUMHORAS, DNI_PROFESOR, COD_CICLO) VALUES(SEQ_ASIGNATURA.NEXTVAL,'Empresa',128,'44103779F',1565);
INSERT INTO ASIGNATURA(COD_ASIG, NOMBRE, NUMHORAS, DNI_PROFESOR, COD_CICLO) VALUES(SEQ_ASIGNATURA.NEXTVAL,'Informática Industrial',269,'44103779F',1565);
INSERT INTO ASIGNATURA(COD_ASIG, NOMBRE, NUMHORAS, DNI_PROFESOR, COD_CICLO) VALUES(SEQ_ASIGNATURA.NEXTVAL,'Aplicaciones Web',200,'89621477A',2598);
INSERT INTO ASIGNATURA(COD_ASIG, NOMBRE, NUMHORAS, DNI_PROFESOR, COD_CICLO) VALUES(SEQ_ASIGNATURA.NEXTVAL,'Bases de datos',170,'89621477A',1489);
INSERT INTO ASIGNATURA(COD_ASIG, NOMBRE, NUMHORAS, DNI_PROFESOR, COD_CICLO) VALUES(SEQ_ASIGNATURA.NEXTVAL,'Programación',225,'89621477A',2598);

--INSERT INTO ASIGNATURA(COD_ASIG, NOMBRE, NUMHORAS, DNI_PROFESOR, COD_CICLO) VALUES(1,'Empresa',128,'44103779F',1565);
--INSERT INTO ASIGNATURA(COD_ASIG, NOMBRE, NUMHORAS, DNI_PROFESOR, COD_CICLO) VALUES(2,'Informática Industrial',269,'44103779F',1565);
--INSERT INTO ASIGNATURA(COD_ASIG, NOMBRE, NUMHORAS, DNI_PROFESOR, COD_CICLO) VALUES(3,'Aplicaciones Web',200,'89621477A',2598);
--INSERT INTO ASIGNATURA(COD_ASIG, NOMBRE, NUMHORAS, DNI_PROFESOR, COD_CICLO) VALUES(4,'Bases de datos',170,'89621477A',1489);
--INSERT INTO ASIGNATURA(COD_ASIG, NOMBRE, NUMHORAS, DNI_PROFESOR, COD_CICLO) VALUES(5,'Programación',225,'89621477A',2598);

INSERT INTO IDIOMAS_PROF(COD_IDIOMA, DNI_PROFESOR) VALUES(30, '44103779F');
INSERT INTO IDIOMAS_PROF(COD_IDIOMA, DNI_PROFESOR) VALUES(20, '89621477A');
INSERT INTO IDIOMAS_PROF(COD_IDIOMA, DNI_PROFESOR) VALUES(30, '89621477A');

INSERT INTO MATRICULA(DNI_ALUMNO, COD_ASIG) VALUES('71654896M',1);
INSERT INTO MATRICULA(DNI_ALUMNO, COD_ASIG) VALUES('11526987G',2);
INSERT INTO MATRICULA(DNI_ALUMNO, COD_ASIG) VALUES('45986321N',3);
INSERT INTO MATRICULA(DNI_ALUMNO, COD_ASIG) VALUES('71056984D',4);
INSERT INTO MATRICULA(DNI_ALUMNO, COD_ASIG) VALUES('71654896M',5);
INSERT INTO MATRICULA(DNI_ALUMNO, COD_ASIG) VALUES('11526987G',1);







